label,area,perimeter,eccentricity,solidity,equivalent_diameter,centroid_x,centroid_y,min_intensity,max_intensity,mean_intensity
1,1921.0,188.62741699796953,0.7682001218022406,0.9453740157480315,49.455971989601494,33.06767308693389,16.578344612181155,0.6022455096244812,1.0,0.8641604
2,2969.0,238.42640687119285,0.839808994406191,0.9172072907012666,61.483723116925006,97.65914449309531,19.07881441562816,0.6388121843338013,0.9967482686042786,0.93126756
3,8318.0,442.4030662740799,0.8978891879771396,0.8605421063521622,102.91164430280513,218.07802356335657,29.941933157008897,0.6200380325317383,1.0,0.91965187
4,8712.0,438.7462120245875,0.8260960913499735,0.9035469819539514,105.32076202597823,340.1432506887052,34.34607438016529,0.59028160572052,1.0,0.8971822
5,97.0,69.24264068711928,0.9945448118105374,0.8508771929824561,11.11324596323283,42.649484536082475,36.4639175257732,0.6337811946868896,0.941284716129303,0.8068771
6,57.0,27.31370849898476,0.4927363134528485,0.9047619047619048,8.51907589177983,10.298245614035087,37.70175438596491,0.6563593149185181,0.782808780670166,0.7316432
7,170.0,86.97056274847715,0.9895486385965475,0.6772908366533864,14.712264360219255,43.98235294117647,39.758823529411764,0.6816369295120239,0.9976072311401367,0.8631775
8,100.0,70.48528137423857,0.9960267741846496,0.8695652173913043,11.283791670955125,82.01,41.47,0.6596110463142395,0.9945395588874817,0.90004915
9,16.0,12.207106781186548,0.8514055971008102,0.9411764705882353,4.51351666838205,2.1875,41.9375,0.6820663809776306,0.7830541729927063,0.7011166
10,89.0,62.48528137423857,0.9948787577238682,0.8725490196078431,10.645107772184812,41.13483146067416,43.550561797752806,0.7380207180976868,0.9986502528190613,0.9142306
11,99.0,69.07106781186548,0.9958831165066183,0.868421052631579,11.227230955528665,84.79797979797979,44.57575757575758,0.7338486909866333,0.9945395588874817,0.9022799
12,33.0,31.0,0.9995398526410995,0.6875,6.4820448144285745,85.36363636363636,46.63636363636363,0.7347689867019653,0.9945395588874817,0.8747553
13,177.0,94.59188309203678,0.9880326969989427,0.5959595959595959,15.012108426804138,75.46892655367232,47.0,0.6470335721969604,0.9952144026756287,0.8545861
14,74.0,71.62132034355965,0.9985285146875487,0.8131868131868132,9.706684619910241,81.20270270270271,51.08108108108108,0.6475244164466858,0.9952757954597473,0.8325407
15,537.0,118.32590180780453,0.8597375119997448,0.7306122448979592,26.148224328293928,29.521415270018622,50.01117318435754,0.5825510621070862,1.0,0.8599567
16,69.0,66.41421356237309,0.9982681022000562,0.8117647058823529,9.373021315815206,81.43478260869566,53.130434782608695,0.6562365889549255,0.9764402508735657,0.8392201
17,30.0,27.621320343559642,0.9898219451991798,0.8333333333333334,6.180387232371033,17.2,58.13333333333333,0.7840358018875122,1.0,0.94194126
18,221.0,59.48528137423857,0.6641680737734522,0.8911290322580645,16.774562271083887,8.46606334841629,54.2579185520362,0.5734094381332397,1.0,0.73421764
19,17.0,15.0,0.998164612234735,0.7083333333333334,4.652426491681278,39.470588235294116,55.470588235294116,0.9973617792129517,0.9992024302482605,0.99828565
20,34.0,31.621320343559642,0.9926790594425825,0.8292682926829268,6.579524642479541,38.294117647058826,57.11764705882353,0.7747714519500732,0.9993864893913269,0.96363896
21,249.0,169.0710678118655,0.9993343960292052,0.8615916955017301,17.805522925178455,211.24899598393574,60.273092369477915,0.6796736121177673,1.0,0.9247853
22,26.0,23.621320343559642,0.9859804644253694,0.8125,5.753627391751592,9.307692307692308,62.88461538461539,0.6860543489456177,0.9835572838783264,0.7930194
23,3844.0,288.5512985522207,0.9174471826020979,0.8752276867030966,69.95950835992178,217.90790842872008,81.89125910509885,0.5971531867980957,1.0,0.9262026
24,29.0,26.82842712474619,0.9902751308747043,0.8285714285714286,6.076507779746499,10.0,65.0,0.6617583632469177,0.9149027466773987,0.7615361
25,173.0,117.86396103067892,0.9986514576403996,0.865,14.841510746523857,330.1098265895954,72.32369942196532,0.6326768398284912,0.9974845051765442,0.8886123
26,173.0,117.86396103067892,0.998668261477731,0.865,14.841510746523857,327.1329479768786,75.39306358381504,0.6703478693962097,0.996625542640686,0.87773424
27,230.0,120.69238815542512,0.9976300974540848,0.8914728682170543,17.112717355495807,323.3695652173913,78.97391304347826,0.6563593149185181,0.9968709945678711,0.8504555
28,173.0,117.86396103067892,0.9986774814087848,0.8606965174129353,14.841510746523857,320.1849710982659,82.54913294797687,0.6567274332046509,0.9968709945678711,0.88301414
29,369.0,96.38477631085024,0.944234055554487,0.803921568627451,21.675455981530703,5.048780487804878,80.57723577235772,0.6105896234512329,1.0,0.8589785
30,43.0,40.828427124746185,0.9955569007101347,0.8269230769230769,7.399277020331919,8.883720930232558,87.44186046511628,0.7126203775405884,1.0,0.7717224
31,44.0,41.62132034355964,0.9957594319145581,0.8148148148148148,7.48482063701911,11.022727272727273,85.75,0.6011411547660828,1.0,0.74416727
32,173.0,117.86396103067892,0.9986644734355022,0.8606965174129353,14.841510746523857,316.8728323699422,85.6242774566474,0.6305908560752869,0.9969936609268188,0.86135864
33,44.0,41.62132034355964,0.9956724995099537,0.8301886792452831,7.48482063701911,13.159090909090908,83.81818181818181,0.6016319990158081,1.0,0.7785238
34,173.0,117.86396103067892,0.9986469238822578,0.8606965174129353,14.841510746523857,313.8959537572254,88.69364161849711,0.6715749502182007,0.9971163868904114,0.8696427
35,4386.0,329.07821048680194,0.7533783967581047,0.7895589558955896,74.72903480715125,65.96169630642954,90.41632466940264,0.5696054697036743,1.0,0.88251483
36,254.0,132.69238815542514,0.9980466399487248,0.8912280701754386,17.983404693292407,244.60236220472441,98.91338582677166,0.6100987792015076,1.0,0.9325704
37,2262.0,215.37972567696687,0.8974451227210105,0.8815276695245519,53.66626361310184,31.968611847922194,110.9420866489832,0.596723735332489,0.9996932148933411,0.9056552
38,322.0,137.52081528017132,0.9970564851230601,0.9121813031161473,20.248040236149336,239.6024844720497,103.50621118012423,0.682250440120697,1.0,0.9049402
39,77.0,53.656854249492376,0.9929171330037514,0.8651685393258427,9.901487006738307,125.48051948051948,107.50649350649351,0.6434137225151062,0.8639180064201355,0.7701986
40,258.0,134.69238815542514,0.9981070687574006,0.8896551724137931,18.12445316531431,235.14728682170542,108.09302325581395,0.6274004578590393,0.9996932148933411,0.9099234
41,66.0,63.62132034355964,0.9980763251396647,0.8148148148148148,9.166995688475081,87.72727272727273,117.62121212121212,0.668998122215271,0.9988956451416016,0.88921887
42,69.0,49.07106781186547,0.9913365071122473,0.8734177215189873,9.373021315815206,122.5072463768116,108.18840579710145,0.6933554410934448,0.9788944125175476,0.8042452
43,1135.0,153.19595949289334,0.8256561513257289,0.8832684824902723,38.014824519842385,171.2193832599119,107.5806167400881,0.5892385840415955,0.9988956451416016,0.84545153
44,122.0,81.6923881554251,0.9965268248951159,0.7484662576687117,12.463355264843006,90.18032786885246,119.09016393442623,0.6717590093612671,0.9988343119621277,0.8666019
45,1235.0,159.15432893255073,0.7621147430300791,0.8834048640915594,39.65414023463283,106.0,113.13927125506073,0.6242100596427917,0.9987115859985352,0.84482247
46,326.0,104.72792206135786,0.9890554221242976,0.9287749287749287,20.37341629633241,156.5245398773006,111.86196319018404,0.6220013499259949,0.9711025357246399,0.75449055
47,916.0,133.698484809835,0.7135991615926003,0.8919182083739046,34.15095054280933,140.9552401746725,109.3264192139738,0.49984660744667053,0.9853365421295166,0.7677107
48,2229.0,208.5685424949238,0.9093121581298237,0.9661898569570871,53.27336055867583,399.7554957379991,104.31583669807088,0.5821829438209534,0.9993864893913269,0.8567671
49,2503.0,225.2253967444162,0.5761969109390176,0.8424772803769774,56.45279958046467,232.45425489412705,135.29165001997603,0.6240260004997253,1.0,0.8794739
50,3463.0,303.19595949289334,0.8846621516616053,0.7390098164746052,66.40202213350034,327.2307248050823,127.99884493213976,0.6388121843338013,0.9998772740364075,0.89645153
51,702.0,214.97056274847716,0.9975762872875632,0.9335106382978723,29.896724911001275,351.51424501424503,128.6908831908832,0.6409595608711243,0.9984048008918762,0.9084923
52,749.0,228.72792206135787,0.9978750585186923,0.9292803970223326,30.881327999401787,358.5086782376502,125.48331108144193,0.6075219511985779,0.9981594085693359,0.8740912
53,3584.0,312.2670273047588,0.9307344428413968,0.8178913738019169,67.55213193031604,380.26981026785717,137.37193080357142,0.6069697737693787,0.998772919178009,0.8870033
54,151.0,60.72792206135786,0.9625637925419901,0.9096385542168675,13.86575534383214,136.52980132450332,128.98675496688742,0.6386895179748535,0.9973617792129517,0.82602113
55,88.0,85.62132034355965,0.9989375578434911,0.8148148148148148,10.585134856802455,254.67045454545453,141.0909090909091,0.641634464263916,0.9993250966072083,0.8759587
56,26.0,23.621320343559642,0.9871897123696988,0.8387096774193549,5.753627391751592,23.0,128.76923076923077,0.819130003452301,0.9934965372085571,0.9371976
57,16.0,13.621320343559642,0.9648119846208285,0.8888888888888888,4.51351666838205,116.25,129.9375,0.7925639748573303,0.9549665451049805,0.8174313
58,328.0,73.11269837220809,0.675855860945255,0.9318181818181818,20.435815879801165,177.2378048780488,135.8018292682927,0.6555616855621338,0.9969936609268188,0.8137922
59,175.0,93.31370849898475,0.995601524631254,0.9067357512953368,14.927053303604616,257.78285714285715,138.33714285714285,0.7472851276397705,0.9992637634277344,0.91010636
60,87.0,84.82842712474618,0.9989532727403173,0.8130841121495327,10.524820207108489,260.8965517241379,135.44827586206895,0.7470396757125854,0.9990183711051941,0.8978177
61,92.0,40.14213562373095,0.7457769303287497,0.8598130841121495,10.823032759612019,118.90217391304348,134.15217391304347,0.646604061126709,0.8325664401054382,0.7332917
62,131.0,89.86396103067892,0.9977000599728637,0.8675496688741722,12.914889870235298,263.48091603053433,132.82442748091603,0.7011473178863525,0.9989569783210754,0.8834186
63,175.0,117.86396103067892,0.9986566748508147,0.8620689655172413,14.927053303604616,316.89714285714285,155.73142857142858,0.7199214696884155,0.9994478225708008,0.94117326
64,88.0,85.62132034355965,0.9989755610615925,0.8073394495412844,10.585134856802455,266.0568181818182,130.2840909090909,0.6964844465255737,0.9980980157852173,0.87561697
65,94.0,51.242640687119284,0.9868825256791539,0.9791666666666666,10.940041919714261,140.75531914893617,134.51063829787233,0.6775875687599182,0.8879685997962952,0.79630476
66,89.0,86.82842712474618,0.9989901528357824,0.8165137614678899,10.645107772184812,268.13483146067415,128.06741573033707,0.6964231133460999,0.9991410374641418,0.8782479
67,117.0,114.82842712474618,0.9994015981637612,0.8068965517241379,12.205286835384658,314.34188034188037,153.82905982905982,0.8147125840187073,0.9993864893913269,0.95869285
68,89.0,86.82842712474618,0.9989653229669464,0.8090909090909091,10.645107772184812,270.2022471910112,126.10112359550561,0.6820663809776306,0.999079704284668,0.8821366
69,2258.0,255.71067811865476,0.9579905242795158,0.8605182926829268,53.618792340111476,299.7028343666962,154.71744906997344,0.6286888718605042,0.9997546076774597,0.8959868
70,88.0,84.62132034355965,0.998938052111811,0.8073394495412844,10.585134856802455,272.27272727272725,124.375,0.7023130059242249,0.9990183711051941,0.8887627
71,54.0,51.62132034355964,0.997218021617316,0.8181818181818182,8.291859587312052,209.07407407407408,138.72222222222223,0.7472237348556519,0.9975458383560181,0.85232574
72,930.0,144.64570696119915,0.9276208034521619,0.8823529411764706,34.41093978088511,20.686021505376345,141.80967741935484,0.6253144145011902,0.9955825805664062,0.89268905
73,55.0,52.828427124746185,0.9973639567634849,0.8208955223880597,8.368283871884005,206.94545454545454,136.52727272727273,0.6789987087249756,0.9976685643196106,0.8773713
74,1067.0,208.66904755831214,0.9565974989297078,0.6265413975337639,36.85846706297507,271.9850046860356,147.44892221180882,0.6091784834861755,0.9992637634277344,0.9080201
75,511.0,179.31370849898477,0.9976160367411626,1.0,25.507359866510456,284.50293542074365,138.08610567514677,0.6940302848815918,0.9998159408569336,0.94720817
76,425.0,96.04163056034261,0.6934152216033371,0.8126195028680688,23.26213245840639,138.56235294117647,145.32470588235293,0.6197312474250793,0.9682189226150513,0.7954666
77,1332.0,170.40306627407986,0.8865221532477819,0.8126906650396584,41.18197510546619,197.87612612612614,147.47822822822823,0.5489907264709473,0.9979753494262695,0.8502232
78,67.0,30.9350288425444,0.8010485526809582,0.8701298701298701,9.23618154310838,123.77611940298507,141.11940298507463,0.6390576362609863,0.8082091212272644,0.7445096
79,975.0,183.01219330881975,0.9608426100620665,0.7190265486725663,35.233628199729644,8.211282051282051,151.58153846153846,0.5632860660552979,0.9993864893913269,0.85679173
80,130.0,42.384776310850235,0.6831309457802893,0.9285714285714286,12.865501965161373,156.52307692307693,143.80769230769232,0.7499232888221741,0.9057610630989075,0.8237334
81,38.0,27.035533905932738,0.9697916337201096,0.8636363636363636,6.955796338302048,136.68421052631578,156.5,0.7124977111816406,0.9422664046287537,0.8329071
82,185.0,56.31370849898476,0.5743751024427152,0.8644859813084113,15.347615963921077,140.43243243243242,163.3189189189189,0.6151911020278931,0.8826922178268433,0.72664446
83,1136.0,146.91168824543144,0.7899120845942634,0.8792569659442725,38.03156745151513,169.53961267605635,163.3468309859155,0.5999141335487366,0.9952757954597473,0.8007475
84,31.0,18.485281374238568,0.7862740438228212,0.96875,6.282549314314218,221.80645161290323,164.09677419354838,0.6498557925224304,0.8517700433731079,0.70396566
85,43.0,26.242640687119287,0.9403791972214789,0.9555555555555556,7.399277020331919,140.65116279069767,171.5581395348837,0.6181361079216003,0.8953310251235962,0.71138906
86,101.0,41.42031021678297,0.8511980073578626,0.9099099099099099,11.340070282773887,139.25742574257427,177.1881188118812,0.635499119758606,0.8774771690368652,0.6966691
87,110.0,55.89949493661166,0.9845472545094167,0.9482758620689655,11.834540545406394,164.1909090909091,176.8272727272727,0.5794833898544312,0.9765629768371582,0.81354576
88,609.0,104.25483399593905,0.7777945150099103,0.9354838709677419,27.846056861676377,269.6009852216749,184.48111658456486,0.6471562385559082,0.9995705485343933,0.8702009
89,61.0,30.692388155425114,0.734380077359527,0.8840579710144928,8.812923024107548,208.37704918032787,178.27868852459017,0.6766672730445862,0.9482176899909973,0.8305167
90,54.0,32.69238815542512,0.9464508708896086,0.8181818181818182,8.291859587312052,213.90740740740742,177.27777777777777,0.6755015850067139,0.9481563568115234,0.83141315
91,17.0,14.414213562373096,0.9658358903628802,0.85,4.652426491681278,216.05882352941177,179.52941176470588,0.7485735416412354,0.8785815238952637,0.84177303
92,94.0,36.14213562373095,0.37307032046060506,0.8952380952380953,10.940041919714261,20.595744680851062,182.82978723404256,0.6816369295120239,0.855758011341095,0.72818726
93,11.0,10.242640687119286,0.8029966139691335,1.0,3.742410318509555,133.72727272727272,182.72727272727272,0.6386895179748535,0.6464200019836426,0.6420026
94,146.0,59.31370849898476,0.9502689787525785,0.8588235294117647,13.63425735166143,412.17123287671234,183.58219178082192,0.6396098136901855,0.9564390182495117,0.77873296
95,85.0,34.7634559672906,0.5725436082986287,0.9340659340659341,10.403141895720198,386.56470588235294,186.64705882352942,0.65396648645401,0.896619439125061,0.7461771
96,226.0,58.48528137423857,0.43316683471533135,0.9300411522633745,16.96325844612841,6.946902654867257,186.42920353982302,0.6837229132652283,0.9995091557502747,0.83936656
97,24.0,21.621320343559642,0.9849097240019141,0.8571428571428571,5.527906391541368,408.0416666666667,186.25,0.6992453336715698,0.9374808073043823,0.80352324
98,490.0,104.42640687119285,0.8626507006049298,0.7877813504823151,24.977737626138797,156.44489795918366,186.22448979591837,0.580771803855896,0.997852623462677,0.80459964
99,278.0,75.31980515339464,0.7788476009934111,0.8011527377521613,18.81384047546846,397.7985611510791,189.92805755395685,0.6296705603599548,0.9601815938949585,0.77837276
100,253.0,65.18376618407356,0.679303865269369,0.8547297297297297,17.94796937867892,201.97628458498025,187.56521739130434,0.6291183233261108,0.9947236180305481,0.77409536
101,13.0,10.414213562373096,0.9375978123483882,0.8666666666666667,4.068428945128219,217.53846153846155,189.92307692307693,0.648076593875885,0.7012086510658264,0.660923
102,15.0,12.414213562373096,0.955076820277326,0.8823529411764706,4.370193722368317,285.0,190.0,0.6485060453414917,0.9178476929664612,0.82304025
103,33.0,30.82842712474619,0.9923289484903559,0.8461538461538461,6.4820448144285745,164.93939393939394,190.87878787878788,0.6525553464889526,0.762562096118927,0.7262966
104,33.0,30.82842712474619,0.9924784186875679,0.825,6.4820448144285745,163.03030303030303,193.06060606060606,0.6369715929031372,0.9435548186302185,0.7402908
105,188.0,52.384776310850235,0.568012085299869,0.9215686274509803,15.471555655790098,137.78191489361703,196.54255319148936,0.6474630236625671,0.9979139566421509,0.76266
106,86.0,36.7634559672906,0.8276707630329639,0.8958333333333334,10.464157913908982,192.06976744186048,191.97674418604652,0.7079575657844543,0.9147800207138062,0.8229546
107,1094.0,150.60407640085654,0.8089977680128901,0.9193277310924369,37.32189788770486,237.72486288848262,184.0511882998172,0.6008344292640686,0.9970550537109375,0.83351344
108,137.0,45.14213562373095,0.6369319537257875,0.9013157894736842,13.207339536360731,213.992700729927,195.78832116788323,0.6498557925224304,0.9960733652114868,0.8150578
109,38.0,21.31370849898476,0.743646474812794,0.8837209302325582,6.955796338302048,15.947368421052632,196.3684210526316,0.6658690571784973,0.9177863597869873,0.70388395
110,39.0,27.242640687119284,0.9764711987880558,0.8666666666666667,7.046725639945928,194.48717948717947,197.53846153846155,0.707466721534729,0.9961347579956055,0.7792566
111,446.0,106.39696961966999,0.9427938028482228,0.7483221476510067,23.829914749152643,167.64125560538116,198.03363228699553,0.6309589743614197,0.9973004460334778,0.82201374
112,21.0,15.692388155425117,0.7246863639387265,0.9130434782608695,5.170882945826411,12.761904761904763,200.0,0.6931099891662598,0.8242223262786865,0.769241
113,123.0,41.071067811865476,0.4333580321266269,0.9609375,12.514330345744634,4.764227642276423,200.7479674796748,0.5973372459411621,0.9991410374641418,0.8212031
114,20.0,17.621320343559642,0.9776265473273626,0.8695652173913043,5.046265044040321,172.2,202.85,0.8602368235588074,0.9966869354248047,0.89224184
115,11.0,9.0,0.9947426664150608,0.7333333333333333,3.742410318509555,171.54545454545453,204.54545454545453,0.7741579413414001,0.9453954100608826,0.8428125
116,97.0,41.14213562373095,0.7838693525476826,0.8981481481481481,11.11324596323283,277.41237113402065,203.51546391752578,0.5732867121696472,0.8710350394248962,0.7214388
117,263.0,68.38477631085024,0.4359784600051368,0.8622950819672132,18.29923496393627,288.60076045627375,206.1596958174905,0.6387508511543274,0.8820173144340515,0.7527104
118,156.0,48.62741699796952,0.7705362386593744,0.9176470588235294,14.093451279891855,404.90384615384613,201.97435897435898,0.6566047072410583,0.9428185820579529,0.8130406
119,201.0,58.384776310850235,0.7491847238426793,0.8893805309734514,15.99753570059363,193.8507462686567,207.0,0.6829866766929626,0.9965642094612122,0.8486275
120,51.0,24.828427124746188,0.7345582439952119,0.9807692307692307,8.058239062071396,3.764705882352941,209.47058823529412,0.5974599719047546,0.9051475524902344,0.75450075
121,23.0,20.414213562373096,0.9823815697849207,0.8214285714285714,5.4115163798060095,200.08695652173913,210.04347826086956,0.6831094026565552,0.9377875924110413,0.8167559
122,900.0,132.26093065034894,0.5384054648530863,0.8547008547008547,33.851375012865375,175.50333333333333,217.26333333333332,0.5937173962593079,0.9986502528190613,0.8269781
123,71.0,32.14213562373095,0.8094413616774605,0.922077922077922,9.507891862878783,124.07042253521126,215.6338028169014,0.6379532217979431,0.7498006224632263,0.67371285
124,972.0,142.25483399593907,0.930895771705046,0.9274809160305344,35.17938085701024,250.02880658436214,207.99897119341563,0.627155065536499,0.9986502528190613,0.8531687
125,585.0,105.7401153701776,0.31767812718451727,0.8796992481203008,27.29185104880338,143.02051282051283,220.62564102564102,0.5565985441207886,0.9971777200698853,0.78414744
126,8.0,6.0,0.9882973211106715,0.8,3.1915382432114616,121.0,220.5,0.6412663459777832,0.7038468718528748,0.67971957
127,566.0,103.97665940288701,0.855082629410045,0.930921052631579,26.844991754889815,209.10247349823322,219.13250883392226,0.6325541734695435,0.9985275268554688,0.84623003
128,236.0,65.79898987322333,0.7438240167904324,0.8644688644688645,17.334489682638438,18.216101694915253,220.63983050847457,0.6760537624359131,0.9453954100608826,0.76456696
129,25.0,18.86396103067893,0.5461243904621926,0.8333333333333334,5.641895835477563,120.4,223.08,0.6390576362609863,0.7013927102088928,0.6731799
130,21.0,14.242640687119284,0.712241974147557,1.0,5.170882945826411,289.85714285714283,221.85714285714286,0.6658690571784973,0.6889379620552063,0.67705876
131,196.0,52.242640687119284,0.7024057371769801,0.9849246231155779,15.797308339337176,5.321428571428571,221.2295918367347,0.7201668620109558,0.9959506988525391,0.8520417
132,22.0,15.86396103067893,0.7644398449211225,0.8148148148148148,5.292567428401227,116.36363636363636,224.27272727272728,0.6547641158103943,0.7412111163139343,0.672604
133,644.0,162.70458146424488,0.897437364754334,0.5309150865622424,28.635053113438516,233.81055900621118,220.93944099378882,0.658261239528656,0.9987115859985352,0.8789976
134,120.0,83.07106781186548,0.9971349372923485,0.8695652173913043,12.360774464742066,250.25833333333333,226.3,0.659488320350647,0.9995091557502747,0.8572918
135,121.0,84.48528137423857,0.997257457988217,0.8705035971223022,12.412170838050638,247.46280991735537,229.38842975206612,0.6943370699882507,0.9996318817138672,0.848497
136,25.0,16.485281374238568,0.6589752126678906,0.8928571428571429,5.641895835477563,116.28,229.56,0.6386895179748535,0.7447696328163147,0.69594455
137,325.0,77.21320343559643,0.7115244587704477,0.8904109589041096,20.342144725641095,163.0523076923077,236.12615384615384,0.5544511675834656,0.9986502528190613,0.8367456
138,15.0,12.414213562373096,0.955076820277326,0.8823529411764706,4.370193722368317,139.0,232.0,0.7644027471542358,0.9779741168022156,0.91992134
139,85.0,33.65685424949238,0.836615193051926,1.0,10.403141895720198,5.6,233.0,0.6862384080886841,0.9857046604156494,0.88995147
140,161.0,87.31370849898475,0.9951919555064803,0.8994413407821229,14.317526556719258,244.0,233.0,0.6977728605270386,1.0,0.85189116
141,1004.0,164.76955262170048,0.8431526983697282,0.8530161427357689,35.75377606511099,404.199203187251,228.15637450199202,0.4825449287891388,1.0,0.82544017
142,123.0,41.89949493661167,0.7768687376288852,0.9389312977099237,12.514330345744634,20.70731707317073,234.70731707317074,0.6618810892105103,0.801582932472229,0.72532845
143,95.0,41.21320343559642,0.7981218013991579,0.8482142857142857,10.998079684646791,109.06315789473685,233.0,0.6363580822944641,0.7984538674354553,0.68248487
144,435.0,105.97665940288702,0.8179876767889209,0.8682634730538922,23.534213434057992,132.59310344827585,238.13333333333333,0.6343333721160889,0.9835572838783264,0.758285
145,121.0,84.48528137423857,0.997257457988217,0.8705035971223022,12.412170838050638,240.53719008264463,236.61157024793388,0.7698018550872803,0.9660715460777283,0.82410467
146,28.0,18.27817459305202,0.45694940884484236,0.875,5.970821321441846,70.28571428571429,238.75,0.6555003523826599,0.802503228187561,0.72135675
147,29.0,19.863961030678926,0.739905776519888,0.8285714285714286,6.076507779746499,79.48275862068965,238.20689655172413,0.6514509916305542,0.8498067259788513,0.7932664
148,585.0,98.22539674441619,0.7383971353811083,0.9169278996865203,27.29185104880338,196.57264957264957,238.2940170940171,0.6394257545471191,1.0,0.8282614
149,107.0,44.14213562373095,0.8642828398048888,0.8916666666666667,11.67204486311899,3.383177570093458,242.7289719626168,0.6715136170387268,0.9841094613075256,0.83935034
150,120.0,83.07106781186548,0.9971349372923485,0.8695652173913043,12.360774464742066,237.74166666666667,239.7,0.6402233242988586,1.0,0.82801914
151,227.0,62.17766952966369,0.40439141075866986,0.8697318007662835,17.000746355818674,37.44933920704846,239.80616740088107,0.6360512971878052,0.9527578353881836,0.7647014
152,29.0,17.485281374238568,0.5894795034977588,0.9354838709677419,6.076507779746499,75.51724137931035,241.3793103448276,0.6439045071601868,0.8317074775695801,0.71120936
153,114.0,39.72792206135786,0.7481182578031684,0.912,12.047792665040703,86.74561403508773,241.68421052631578,0.6431069374084473,0.8639180064201355,0.756246
154,119.0,43.59188309203678,0.7328137332981309,0.937007874015748,12.309163489997376,107.97478991596638,242.23529411764707,0.640407383441925,0.9321430921554565,0.7732386
155,39.0,20.82842712474619,0.6159203754645358,0.975,7.046725639945928,150.56410256410257,245.05128205128204,0.7072213292121887,0.8426283597946167,0.7171921
156,39.0,27.242640687119284,0.9743100281162406,0.8478260869565217,7.046725639945928,162.53846153846155,245.51282051282053,0.65114426612854,0.9528805613517761,0.87968427
157,78.0,33.10660171779821,0.6411695262014167,0.896551724137931,9.965574970333758,116.64102564102564,247.05128205128204,0.7217620611190796,0.8862506747245789,0.76525223
158,159.0,54.834523779156065,0.6098374786797673,0.8368421052631579,14.228319915326999,386.1823899371069,248.35220125786162,0.6186882853507996,0.8303576707839966,0.6917792
159,390.0,84.18376618407356,0.7648612914323331,0.8647450110864745,22.283703068536735,54.38974358974359,245.34102564102565,0.6383213400840759,0.9802441596984863,0.7630315
160,43.0,27.071067811865476,0.8892347671143856,0.8431372549019608,7.399277020331919,125.32558139534883,248.2093023255814,0.6232284307479858,0.9828823804855347,0.7815174
161,2348.0,244.40916292848976,0.785416874716915,0.7544987146529563,54.67692795904102,247.28364565587734,255.97657580919932,0.5599116683006287,1.0,0.85926497
162,456.0,85.73401871576773,0.6170644461489958,0.9047619047619048,24.095585330081406,14.787280701754385,249.78728070175438,0.6377691626548767,0.92251056432724,0.76695526
163,33.0,19.071067811865476,0.8005494203685337,1.0,6.4820448144285745,82.06060606060606,250.6060606060606,0.6411436200141907,0.9265599250793457,0.83917034
164,174.0,52.17766952966369,0.5486457853858117,0.9015544041450777,14.884343478431232,162.1494252873563,253.1494252873563,0.6460518836975098,0.9522669911384583,0.80949086
165,583.0,107.01219330881976,0.8070693734851546,0.8523391812865497,27.245158369526866,188.926243567753,255.00857632933105,0.6297318935394287,1.0,0.80778146
166,100.0,48.10660171779821,0.9482030312932169,0.819672131147541,11.283791670955125,171.72,254.37,0.6391189694404602,0.9099331498146057,0.7766262
167,13.0,10.207106781186548,0.7743457464718221,0.9285714285714286,4.068428945128219,376.0769230769231,252.30769230769232,0.6409595608711243,0.6643352508544922,0.65266865
168,86.0,40.14213562373095,0.8336522484643928,0.7962962962962963,10.464157913908982,124.96511627906976,254.96511627906978,0.640407383441925,0.8414626717567444,0.7935735
169,81.0,31.65685424949238,0.5271852210359109,0.9759036144578314,10.155412503859614,148.8395061728395,253.34567901234567,0.6635990142822266,0.8850849866867065,0.7502922
170,46.0,25.31370849898476,0.7524967055330012,0.9019607843137255,7.653039857325812,114.19565217391305,255.2608695652174,0.6408368349075317,0.8482729196548462,0.70861775
171,146.0,48.27817459305202,0.7288491455205942,0.9299363057324841,13.63425735166143,137.04109589041096,254.14383561643837,0.6714522242546082,0.829866886138916,0.7353573
172,443.0,80.91168824543142,0.6824481700044994,0.9365750528541226,23.74963406702674,98.72234762979684,255.1625282167043,0.6332904100418091,0.9557641744613647,0.77745867
173,1534.0,181.23149339882605,0.633135781581246,0.8608305274971941,44.1944505749731,286.91916558018255,259.47913950456325,0.567212700843811,1.0,0.83709234
174,58.0,29.899494936611664,0.7520956498720349,0.9354838709677419,8.593479713983122,369.2586206896552,259.2758620689655,0.6389962434768677,0.9087674021720886,0.68823874
175,11.0,10.242640687119286,0.8696694471536168,1.0,3.742410318509555,318.90909090909093,261.27272727272725,0.6395484209060669,0.6565433740615845,0.647424
176,21.0,18.414213562373096,0.978628681005368,0.84,5.170882945826411,217.04761904761904,262.4761904761905,0.7053806781768799,0.8836125135421753,0.8342493
177,348.0,78.14213562373095,0.6986132750325575,0.9206349206349206,21.049640414216977,404.9080459770115,259.7758620689655,0.644702136516571,1.0,0.8434152
178,73.0,30.485281374238568,0.7659525319369668,0.9605263157894737,9.640875829802336,150.97260273972603,263.54794520547944,0.6596110463142395,0.9014049768447876,0.7337033
179,114.0,41.10660171779821,0.4861930166199529,0.912,12.047792665040703,387.8859649122807,263.46491228070175,0.6391803026199341,0.804650604724884,0.7332185
180,48.0,26.656854249492383,0.8298891212324958,0.8135593220338984,7.817640190446719,159.33333333333334,264.1666666666667,0.6828026175498962,0.9063746333122253,0.74316424
181,201.0,57.55634918610404,0.33038984485265815,0.8973214285714286,15.99753570059363,209.5820895522388,264.04477611940297,0.6298546195030212,1.0,0.83226645
182,78.0,37.10660171779821,0.842634782007951,0.8041237113402062,9.965574970333758,381.11538461538464,269.44871794871796,0.6391803026199341,0.9514080882072449,0.751646
183,439.0,94.63351365237939,0.735234959505809,0.8393881453154876,23.642169108157916,36.52619589977221,263.3621867881549,0.6086876392364502,0.9983434677124023,0.79479325
184,70.0,35.10660171779821,0.8305534688552929,0.8235294117647058,9.440697438826296,163.52857142857144,267.6,0.6387508511543274,0.9571139216423035,0.8515693
185,68.0,33.31370849898476,0.9121151607641016,0.918918918918919,9.304852983362556,311.5147058823529,266.4117647058824,0.6671574711799622,0.7644640803337097,0.726563
186,183.0,56.28427124746191,0.7926285871336426,0.9432989690721649,15.26443044094783,111.79781420765028,266.9781420765027,0.6402233242988586,0.9779127836227417,0.7914932
187,156.0,57.00609665440987,0.6667260744881758,0.8,14.093451279891855,189.41666666666666,271.90384615384613,0.6408982276916504,0.928952693939209,0.7679675
188,60.0,28.86396103067893,0.7619187231926307,0.9230769230769231,8.740387444736633,305.96666666666664,270.76666666666665,0.6480152010917664,0.7723172903060913,0.70426
189,13.0,10.82842712474619,0.9350588483818555,0.8666666666666667,4.068428945128219,391.0,270.0,0.6858089566230774,0.7662433385848999,0.73206955
190,24.0,21.621320343559642,0.9849097240019141,0.8571428571428571,5.527906391541368,30.041666666666668,271.25,0.6002208590507507,0.9580956101417542,0.7926534
191,394.0,92.11269837220809,0.8493335383919273,0.8347457627118644,22.397686948112614,138.56091370558374,268.8730964467005,0.6094852685928345,0.9838640689849854,0.8056994
192,25.0,22.82842712474619,0.9861912843277706,0.8620689655172413,5.641895835477563,183.16,272.92,0.5230996012687683,0.8181483745574951,0.7176661
193,13.0,11.0,0.9962942897654247,0.7222222222222222,4.068428945128219,28.384615384615383,270.61538461538464,0.5992392301559448,0.8648996949195862,0.7187369
194,36.0,26.035533905932738,0.9675002656486894,0.8780487804878049,6.770275002573076,131.02777777777777,273.02777777777777,0.6644579172134399,0.7512730956077576,0.714887
195,37.0,29.071067811865476,0.9780236769100409,0.8604651162790697,6.863662517577698,180.45945945945945,270.7027027027027,0.5235903859138489,0.7973495125770569,0.7383971
196,91.0,42.24264068711929,0.9496069438956729,0.9479166666666666,10.764051215546116,208.46153846153845,273.15384615384613,0.6843364834785461,1.0,0.84785014
197,438.0,94.83452377915607,0.689715239517571,0.8605108055009824,23.615226456547084,357.30593607305934,271.72146118721463,0.6375851035118103,0.8459414839744568,0.7226972
198,177.0,57.79898987322332,0.13933676290258337,0.8271028037383178,15.012108426804138,173.0677966101695,271.5141242937853,0.6063562035560608,0.9557641744613647,0.76656777
199,335.0,88.2842712474619,0.8760384223120259,0.8052884615384616,20.65272978291924,338.3462686567164,270.57910447761196,0.6340879797935486,0.8963126540184021,0.7638541
200,53.0,25.65685424949238,0.6518421696503569,0.9464285714285714,8.214724333230155,392.0377358490566,274.8301886792453,0.6796736121177673,0.8231179714202881,0.7471034
201,2376.0,215.095454429505,0.5434130024273071,0.9252336448598131,55.00197413085049,68.98737373737374,275.7756734006734,0.5442051887512207,0.998772919178009,0.8230183
202,22.0,19.621320343559642,0.9818597686660243,0.8461538461538461,5.292567428401227,133.27272727272728,275.90909090909093,0.5060433149337769,0.7183262705802917,0.6755434
203,32.0,19.414213562373096,0.756636469807894,0.9696969696969697,6.383076486422923,155.8125,274.8125,0.7408429980278015,0.8197435140609741,0.7829584
204,387.0,82.8700576850888,0.6699683726120578,0.9063231850117096,22.197831060995757,324.05426356589146,275.7080103359173,0.635192334651947,0.9064359664916992,0.7515095
205,13.0,11.0,0.9962942897654247,0.7222222222222222,4.068428945128219,134.3846153846154,277.61538461538464,0.5053070783615112,0.945824921131134,0.6678749
206,13.0,10.82842712474619,0.9350588483818555,0.8666666666666667,4.068428945128219,157.0,278.0,0.7406589388847351,0.8669243454933167,0.82996124
207,86.0,35.9350288425444,0.7579492861557169,0.86,10.464157913908982,377.5813953488372,280.1046511627907,0.6753175258636475,0.8515859842300415,0.7768932
208,224.0,59.65685424949238,0.8304602219781628,0.9491525423728814,16.88803298257901,173.15625,283.42410714285717,0.6731701493263245,0.9616540670394897,0.78085476
209,16.0,13.621320343559642,0.9596288331806001,0.8421052631578947,4.51351666838205,191.25,279.0,0.6426160931587219,0.8758819699287415,0.6826377
210,21.0,18.414213562373096,0.978628681005368,0.84,5.170882945826411,226.04761904761904,279.4761904761905,0.6326155066490173,0.8342843055725098,0.7324668
211,50.0,36.48528137423857,0.9832906494840783,0.8771929824561403,7.978845608028654,250.6,281.38,0.6379532217979431,0.986440896987915,0.7545678
212,39.0,28.82842712474619,0.9790404379108384,0.9512195121951219,7.046725639945928,269.0,281.0,0.6466654539108276,0.9725136756896973,0.83391935
213,23.0,17.035533905932738,0.9147344487099655,0.8518518518518519,5.4115163798060095,191.2173913043478,281.5652173913044,0.7236640453338623,0.8793790936470032,0.83261716
214,74.0,33.10660171779821,0.6687139152109693,0.9367088607594937,9.706684619910241,159.86486486486487,283.1216216216216,0.6854408383369446,0.9749064445495605,0.83429664
215,35.0,32.82842712474619,0.9933700480557844,0.8333333333333334,6.6755811781245455,248.5142857142857,284.0285714285714,0.6356218457221985,0.98619544506073,0.75076824
216,279.0,75.04163056034261,0.8142706799092402,0.8480243161094225,18.847647942942654,215.44444444444446,280.741935483871,0.5566599369049072,0.9352720975875854,0.77547956
217,263.0,71.34924240491749,0.43593845474854453,0.8402555910543131,18.29923496393627,248.29277566539923,292.70722433460077,0.5724890828132629,0.9040431976318359,0.76270324
218,1234.0,162.42640687119285,0.8355011722067595,0.8411724608043627,39.63808267566925,20.062398703403566,286.04943273905997,0.5323026180267334,0.9823302030563354,0.8161563
219,303.0,71.97665940288701,0.7261041769975911,0.9181818181818182,19.64157789116634,362.1617161716172,288.1716171617162,0.6394257545471191,0.8768635988235474,0.7671367
220,135.0,93.07106781186548,0.9977701089859567,0.8653846153846154,13.110581167104948,6.54074074074074,290.8074074074074,0.6408368349075317,0.9994478225708008,0.888443
221,194.0,57.83452377915607,0.6447943902699557,0.9107981220657277,15.716503163191918,216.340206185567,292.6546391752577,0.6042702198028564,0.961531400680542,0.7727812
222,93.0,39.10660171779821,0.8246220227543949,0.9117647058823529,10.881694613449236,337.5806451612903,290.5698924731183,0.7234799861907959,0.8647769689559937,0.8237763
223,266.0,103.65685424949237,0.9934412682974748,0.9602888086642599,18.403307281560924,2.2706766917293235,290.48496240601503,0.5407080054283142,0.9994478225708008,0.8342781
224,16.0,13.621320343559642,0.9640678509695636,0.8421052631578947,4.51351666838205,343.1875,288.8125,0.7803546190261841,0.8415240049362183,0.8165033
225,427.0,88.6274169979695,0.6876199549495853,0.9027484143763214,23.31680264534386,267.8688524590164,291.4847775175644,0.6282594203948975,0.9726977348327637,0.75350964
226,88.0,34.72792206135786,0.7853093656752779,0.946236559139785,10.585134856802455,178.72727272727272,292.375,0.6664826273918152,0.9191974997520447,0.76878667
227,349.0,110.18376618407356,0.854280804064502,0.7895927601809954,21.079862454783044,201.1375358166189,293.4670487106017,0.5981962084770203,0.9823302030563354,0.787502
228,39.0,28.0,0.9759000729485332,1.0,7.046725639945928,205.0,300.0,0.6472176313400269,0.9822688698768616,0.7954506
229,1697.0,177.39696961967002,0.5617490538520611,0.8940990516332982,46.48319596817296,117.31290512669416,295.87094873305836,0.5812626481056213,0.9981594085693359,0.82352763
230,187.0,57.00609665440988,0.6837172466840234,0.9303482587064676,15.430353037616328,349.42245989304814,294.06417112299465,0.6685072779655457,0.9577274918556213,0.7928159
231,19.0,15.414213562373096,0.9773297689515751,0.8260869565217391,4.918490759365935,194.26315789473685,297.94736842105266,0.6381372809410095,0.9650898575782776,0.85260963
232,211.0,60.2842712474619,0.8579113937371071,0.9055793991416309,16.39065416446578,228.478672985782,297.4454976303318,0.6008957624435425,0.8301122784614563,0.71600646
233,79.0,36.48528137423857,0.8125225890295419,0.8777777777777778,10.02925341359355,43.64556962025316,297.69620253164555,0.6444567441940308,0.9244125485420227,0.733646
234,77.0,32.48528137423857,0.7014353971803298,0.9166666666666666,9.901487006738307,189.02597402597402,296.05194805194805,0.6350696086883545,0.9990183711051941,0.77932674
235,41.0,29.656854249492383,0.9796057008779331,1.0,7.225151993843567,88.0,298.0,0.7370390892028809,0.9766857028007507,0.8698335
236,141.0,49.14213562373095,0.8576929721925528,0.8867924528301887,13.398760233979036,380.7730496453901,293.13475177304963,0.6576477289199829,0.9236763119697571,0.74843735
237,344.0,88.62741699796952,0.9513547703829021,0.8865979381443299,20.928315827817965,139.84883720930233,304.4389534883721,0.5710780024528503,0.9960733652114868,0.86325437
238,298.0,91.62741699796952,0.8165152995268083,0.7506297229219143,19.47884453275087,151.31879194630872,293.28859060402687,0.5159212350845337,0.9973617792129517,0.78869516
239,15.0,12.414213562373096,0.955076820277326,0.8823529411764706,4.370193722368317,377.0,300.0,0.6818823218345642,0.7840358018875122,0.7167065
240,69.0,36.071067811865476,0.922966076458334,0.8734177215189873,9.373021315815206,150.1159420289855,306.5072463768116,0.5929811596870422,0.9765629768371582,0.83205324
241,18.0,15.621320343559642,0.9721664904295584,0.8571428571428571,4.787307364817192,190.22222222222223,302.0,0.8260015845298767,0.9426345229148865,0.85095197
242,68.0,29.899494936611667,0.7915601935054717,0.9714285714285714,9.304852983362556,237.66176470588235,302.11764705882354,0.6828026175498962,0.8446530699729919,0.77283067
243,156.0,51.62741699796952,0.8247099845649252,0.8666666666666667,14.093451279891855,371.8076923076923,303.5192307692308,0.6767286062240601,0.9291980862617493,0.81208694
244,85.0,40.52081528017131,0.8244501708579222,0.85,10.403141895720198,90.15294117647059,302.9764705882353,0.6686300039291382,0.904963493347168,0.7696264
245,9.0,7.0,0.9912266368853596,0.75,3.385137501286538,153.44444444444446,305.44444444444446,0.7596784830093384,0.8094975352287292,0.79841304
246,16.0,13.621320343559642,0.9640678509695636,0.8421052631578947,4.51351666838205,155.1875,304.8125,0.7937296628952026,0.9041045308113098,0.83785427
247,70.0,35.65685424949238,0.9550803817965324,0.958904109589041,9.440697438826296,267.0571428571429,304.7857142857143,0.6405914425849915,0.8353886604309082,0.7436005
248,87.0,38.520815280171306,0.7461221959187168,0.8613861386138614,10.524820207108489,189.73563218390805,308.17241379310343,0.6440272331237793,0.9976685643196106,0.8505606
249,15.0,12.0,0.816496580927726,1.0,4.370193722368317,209.0,310.0,0.7702926397323608,0.8051414489746094,0.79660106
250,122.0,43.55634918610404,0.8191537126134937,0.9104477611940298,12.463355264843006,222.29508196721312,309.327868852459,0.5978894233703613,0.8773544430732727,0.75718814
251,353.0,80.62741699796952,0.7672955541253884,0.8737623762376238,21.200319792199185,66.37677053824362,308.9773371104816,0.6592429280281067,0.9629425406455994,0.8009536
252,359.0,82.2842712474619,0.883205531995186,0.8734793187347932,21.37973331358283,354.38718662952647,306.79944289693594,0.6284434795379639,0.9324498176574707,0.75683594
253,217.0,61.21320343559642,0.7671951702474591,0.9194915254237288,16.622063085174787,87.6774193548387,313.41013824884794,0.6391803026199341,0.96061110496521,0.8436335
254,25.0,20.071067811865476,0.9456892062212802,0.8928571428571429,5.641895835477563,194.52,310.52,0.6451929807662964,0.8239769339561462,0.77257013
255,1266.0,154.8700576850888,0.7679372448827271,0.922740524781341,40.14873925336531,400.7748815165877,293.68009478672985,0.4462237060070038,1.0,0.8615156
256,609.0,111.53910524340094,0.9004221650925595,0.8662873399715505,27.846056861676377,162.58128078817734,309.14778325123154,0.5966623425483704,0.9979139566421509,0.8312304
257,16.0,13.621320343559642,0.9596288331806001,0.8421052631578947,4.51351666838205,11.25,313.0,0.6408368349075317,0.7917050123214722,0.6787993
258,57.0,41.071067811865476,0.9884904105688008,0.8769230769230769,8.51907589177983,74.50877192982456,313.140350877193,0.6970979571342468,0.9120191335678101,0.8314222
259,46.0,24.86396103067893,0.6967201693736235,0.9019607843137255,7.653039857325812,198.97826086956522,310.45652173913044,0.7639732360839844,0.850788414478302,0.8252334
260,167.0,63.76345596729058,0.9566556252222493,0.8308457711442786,14.581872443920643,346.47305389221555,314.3832335329341,0.4780047833919525,0.9010368585586548,0.75258434
261,184.0,72.04163056034261,0.9599304696012949,0.7479674796747967,15.306079714651624,78.55978260869566,316.51630434782606,0.6390576362609863,0.9787103533744812,0.78139
262,600.0,108.01828996322963,0.7647598564113174,0.8733624454148472,27.63953195770684,176.11,319.43666666666667,0.4740781784057617,0.9733725786209106,0.7883363
263,22.0,16.44974746830583,0.931438405867913,0.9166666666666666,5.292567428401227,223.4090909090909,314.54545454545456,0.6449475288391113,0.8609117269515991,0.7712074
264,513.0,94.52691193458118,0.7701198123015888,0.911190053285968,25.557227675339483,51.76998050682261,315.21247563352824,0.5289281606674194,0.9807963967323303,0.78850746
265,39.0,22.82842712474619,0.5840292917139117,0.9069767441860465,7.046725639945928,196.74358974358975,317.2564102564103,0.7097367644309998,0.8517700433731079,0.7836095
266,12.0,9.621320343559642,0.9377199210408496,0.8571428571428571,3.9088200952233594,201.08333333333334,315.75,0.7084483504295349,0.8547149896621704,0.79982924
267,68.0,31.071067811865476,0.8248526577512906,0.918918918918919,9.304852983362556,13.955882352941176,316.8235294117647,0.6591202020645142,0.9974231719970703,0.7609118
268,394.0,82.04163056034261,0.6252893614759837,0.9184149184149184,22.397686948112614,32.33248730964467,316.60913705583755,0.6058654189109802,0.963371992111206,0.7536319
269,326.0,75.8700576850888,0.7093088086000702,0.8624338624338624,20.37341629633241,263.4509202453988,316.75766871165644,0.6281366944313049,0.9838640689849854,0.7380719
270,216.0,63.21320343559643,0.8760925083988931,0.927038626609442,16.583719174624104,240.16203703703704,314.5046296296296,0.7205349802970886,0.9564390182495117,0.83525056
271,275.0,74.97056274847714,0.9332395985899405,0.8842443729903537,18.712051592547777,251.17818181818183,317.76363636363635,0.6362966895103455,0.8938584923744202,0.7634924
272,190.0,56.83452377915606,0.5921291564324367,0.8636363636363636,15.553633450087505,206.73157894736843,319.8421052631579,0.6402846574783325,0.9609178304672241,0.81011564
273,155.0,64.72792206135786,0.9688530468634052,0.8072916666666666,14.048207338801282,343.3483870967742,321.05806451612904,0.47653231024742126,0.9977298974990845,0.7725984
274,345.0,82.70458146424487,0.8233527972105678,0.8734177215189873,20.958712816717327,233.08985507246376,324.75652173913045,0.6383827328681946,0.9388919472694397,0.75314784
275,83.0,46.48528137423857,0.982182587688906,0.9021739130434783,10.280023453913834,348.49397590361446,325.0,0.6623719334602356,0.9340450167655945,0.81012136
276,24.0,15.899494936611665,0.44166420947138885,0.9230769230769231,5.527906391541368,197.45833333333334,327.7083333333333,0.6735382676124573,0.9807350039482117,0.82498926
277,67.0,30.14213562373095,0.8315433315011054,0.9571428571428572,9.23618154310838,213.83582089552237,327.76119402985074,0.659488320350647,0.849561333656311,0.73004293
278,113.0,43.55634918610404,0.5717980735571209,0.8828125,11.994835078277376,221.57522123893804,328.3362831858407,0.6341493129730225,0.9007914662361145,0.74718356
279,35.0,22.48528137423857,0.9098427257282462,0.9210526315789473,6.6755811781245455,277.3142857142857,332.85714285714283,0.6421866416931152,0.7245843410491943,0.67792416
280,214.0,59.798989873223334,0.5135398840423081,0.895397489539749,16.50676414605009,58.52336448598131,334.11682242990656,0.6450702548027039,0.9539235830307007,0.7797239
281,94.0,39.3492424049175,0.5838933044500518,0.8703703703703703,10.940041919714261,189.0531914893617,328.8510638297872,0.47438493371009827,0.9805509448051453,0.6921636
282,27.0,18.071067811865476,0.7471945597948663,0.84375,5.863230142835039,267.5925925925926,331.2962962962963,0.6346401572227478,0.6942143440246582,0.6563116
283,97.0,41.21320343559643,0.8975940623457603,0.9065420560747663,11.11324596323283,168.56701030927834,334.9896907216495,0.6115712523460388,0.962206244468689,0.7996246
284,536.0,90.45584412271572,0.4666641854645471,0.9321739130434783,26.123866405607867,14.705223880597014,332.3973880597015,0.575802206993103,0.9973004460334778,0.8033302
285,130.0,68.86396103067892,0.9895178220253146,0.896551724137931,12.865501965161373,1.6307692307692307,337.73846153846154,0.6178293228149414,0.9964414834976196,0.8237273
286,74.0,31.142135623730947,0.8064795341117881,0.9487179487179487,9.706684619910241,70.86486486486487,333.9189189189189,0.6391189694404602,0.9831891655921936,0.7449297
287,174.0,51.79898987322333,0.7715305844504586,0.9720670391061452,14.884343478431232,224.32183908045977,339.12068965517244,0.6396098136901855,0.8974784016609192,0.76351374
288,164.0,51.00609665440987,0.6340769575521358,0.8961748633879781,14.450303987687134,188.5731707317073,338.3841463414634,0.6551322340965271,0.9136143326759338,0.7735078
289,39.0,27.242640687119284,0.9764711987880558,0.8666666666666667,7.046725639945928,26.46153846153846,337.4871794871795,0.6008344292640686,0.8999325037002563,0.72895145
290,13.0,10.414213562373096,0.9375978123483881,0.8666666666666667,4.068428945128219,52.07692307692308,337.46153846153845,0.6591202020645142,0.8727529048919678,0.76216567
291,99.0,42.17766952966369,0.811355594130738,0.8761061946902655,11.227230955528665,164.87878787878788,341.74747474747477,0.6565433740615845,0.9841094613075256,0.8733436
292,923.0,136.0538238691624,0.6186210538145295,0.8875,34.28119163317628,143.22426868905742,337.75514626218853,0.5759249329566956,0.994784951210022,0.79349554
293,13.0,11.207106781186548,0.6506420303241719,0.9285714285714286,4.068428945128219,234.3846153846154,342.15384615384613,0.6388121843338013,0.6941530108451843,0.6820805
294,671.0,107.21320343559643,0.8121670133277905,0.9154160982264665,29.229158977248975,346.1639344262295,343.67809239940385,0.5096018314361572,0.979385256767273,0.8091126
295,100.0,69.65685424949238,0.9959175733713769,0.8695652173913043,11.283791670955125,367.54,343.97,0.6732928156852722,0.9988343119621277,0.77302533
296,364.0,90.14213562373095,0.9602602423944216,0.9405684754521964,21.528102431092233,360.95054945054943,344.3956043956044,0.6235352158546448,0.999079704284668,0.81757545
297,2799.0,224.76955262170048,0.6501075717442099,0.944331983805668,59.69755008133684,392.3762057877814,343.01143265451947,0.597644031047821,0.9993250966072083,0.90666205
298,589.0,101.49747468305833,0.41974577192791024,0.8700147710487445,27.384997568906428,39.41765704584041,342.0169779286927,0.6042088270187378,0.9971163868904114,0.79926026
299,66.0,29.899494936611667,0.7707545364504047,0.9295774647887324,9.166995688475081,178.6969696969697,343.7878787878788,0.7874716520309448,0.9950303435325623,0.8622894
300,78.0,39.65685424949238,0.9659584262837295,0.9512195121951219,9.965574970333758,12.192307692307692,347.88461538461536,0.7444628477096558,0.9769924283027649,0.8185149
301,262.0,70.62741699796952,0.9234534889776242,0.9290780141843972,18.26441241104166,51.70992366412214,354.2748091603053,0.6675869822502136,0.9984661340713501,0.82022923
302,244.0,60.14213562373095,0.6306911278339044,0.9384615384615385,17.625846048215095,203.71311475409837,342.0983606557377,0.6730474233627319,0.9641695618629456,0.79655516
303,629.0,122.94722215136417,0.6513037464518858,0.7813664596273292,28.299605538565682,211.46422893481716,354.71065182829886,0.6122461557388306,0.9914718866348267,0.81401956
304,32.0,29.621320343559642,0.991754202666308,0.8421052631578947,6.383076486422923,337.03125,352.25,0.6838456392288208,0.8655745983123779,0.72878134
305,57.0,31.520815280171306,0.9338493024445852,0.890625,8.51907589177983,154.12280701754386,353.1929824561403,0.6474630236625671,0.9030615091323853,0.80041724
306,31.0,23.86396103067893,0.966513025698799,0.8611111111111112,6.282549314314218,192.5483870967742,355.35483870967744,0.6747039556503296,0.9466838240623474,0.82907915
307,242.0,64.66295090390226,0.6353998843638614,0.88,17.55346033766304,10.400826446280991,358.88429752066116,0.5934720039367676,0.9969936609268188,0.8008616
308,201.0,54.384776310850235,0.5181752411463431,0.9348837209302325,15.99753570059363,23.606965174129353,357.5223880597015,0.642861545085907,0.9971777200698853,0.7842161
309,18.0,13.65685424949238,0.6625654585447002,0.9,4.787307364817192,129.72222222222223,358.1666666666667,0.6745198965072632,0.7239707708358765,0.6845205
310,48.0,35.242640687119284,0.9852815665963988,0.9795918367346939,7.817640190446719,43.5,361.0625,0.6815755367279053,0.8709123134613037,0.7769904
311,189.0,58.72792206135786,0.9036629014416853,0.9264705882352942,15.512648837479231,43.216931216931215,367.021164021164,0.5524879097938538,0.9847843647003174,0.7845464
312,1185.0,164.84062043356593,0.8417994871155591,0.8072207084468664,38.8431314457417,314.0329113924051,353.7535864978903,0.5832259654998779,0.9591999650001526,0.75178623
313,98.0,44.485281374238575,0.9505683652892435,0.9333333333333333,11.170383851240114,23.785714285714285,367.6020408163265,0.6193631291389465,0.9428799152374268,0.75615126
314,174.0,91.07106781186548,0.9957902933274645,0.8969072164948454,14.884343478431232,312.3735632183908,368.0,0.6435977816581726,0.96061110496521,0.80985016
315,51.0,26.899494936611664,0.7926945965995386,0.8095238095238095,8.058239062071396,61.745098039215684,368.0,0.6510215401649475,0.6950733065605164,0.6749529
316,262.0,71.62741699796952,0.8465260246866265,0.9003436426116839,18.26441241104166,135.6908396946565,365.5,0.6212651133537292,0.9807350039482117,0.78618884
317,725.0,128.18986283848346,0.7898153795945285,0.8155230596175478,30.38253889873249,179.25931034482758,364.1365517241379,0.5836554169654846,0.9995091557502747,0.79458714
318,591.0,105.15432893255071,0.8182170372042298,0.9380952380952381,27.431452220735256,161.4399323181049,368.47715736040607,0.5594208240509033,0.9981594085693359,0.82800055
319,492.0,116.17766952966369,0.9671670132851915,0.8692579505300353,25.028660691489268,309.8130081300813,375.2418699186992,0.6391803026199341,0.9793238639831543,0.82464117
320,370.0,87.38477631085024,0.8213936807905118,0.8277404921700223,21.70480664627101,133.2108108108108,379.35945945945946,0.6500398516654968,0.9998159408569336,0.8042876
321,163.0,54.3492424049175,0.7639171507154662,0.7990196078431373,14.406180819073164,220.0245398773006,371.29447852760734,0.6455610990524292,0.9782809019088745,0.8410479
322,58.0,28.27817459305202,0.7476017934742544,0.8787878787878788,8.593479713983122,52.87931034482759,375.17241379310343,0.6387508511543274,0.9331247210502625,0.73705065
323,42.0,25.899494936611664,0.7997559051464147,0.8076923076923077,7.312732791431452,64.26190476190476,376.76190476190476,0.6491809487342834,0.754279375076294,0.68398005
324,36.0,25.242640687119284,0.9729790682048683,0.8571428571428571,6.770275002573076,146.5,378.0,0.7095527052879333,0.9304251670837402,0.87131286
325,232.0,85.8284271247462,0.9883962737455421,0.9914529914529915,17.186959427966244,396.1594827586207,377.50431034482756,0.6412663459777832,0.9995091557502747,0.95747095
326,233.0,70.49137802864844,0.7792563848399283,0.8726591760299626,17.22396045987371,155.17596566523605,382.82403433476395,0.6465427279472351,0.9984661340713501,0.8309559
327,59.0,30.727922061357855,0.6734869605465329,0.855072463768116,8.667244841319219,229.76271186440678,381.54237288135596,0.6390576362609863,0.7896803617477417,0.6786046
328,121.0,84.48528137423857,0.9972023284654021,0.8642857142857143,12.412170838050638,309.4876033057851,382.504132231405,0.6629854440689087,0.9689551591873169,0.8217358
329,239.0,80.14213562373095,0.9246630665661721,0.7177177177177178,17.44431859350499,21.0418410041841,381.6610878661088,0.5950672030448914,1.0,0.8122563
330,66.0,47.07106781186547,0.9906849110621238,0.88,9.166995688475081,25.40909090909091,387.2878787878788,0.6728633642196655,0.9272348284721375,0.800698
331,106.0,74.48528137423857,0.996308885677768,0.8688524590163934,11.617374563210365,309.97169811320754,385.54716981132077,0.6735996007919312,0.8997484445571899,0.7755917
332,574.0,119.14823227814081,0.92864928847237,0.8644578313253012,27.034043328329254,7.081881533101045,387.45296167247386,0.47990673780441284,1.0,0.78539085
333,67.0,48.485281374238575,0.9912285495648208,0.881578947368421,9.23618154310838,15.477611940298507,385.5074626865672,0.6701638102531433,0.9765629768371582,0.7495991
334,63.0,45.071067811865476,0.9904115952217176,0.875,8.95623198216277,28.53968253968254,384.87301587301585,0.6757469773292542,0.9999386668205261,0.81182903
335,15.0,11.65685424949238,0.7343887778710586,1.0,4.370193722368317,115.93333333333334,386.26666666666665,0.6670961380004883,0.6688140630722046,0.6680983
336,255.0,65.4558441227157,0.6973416922491538,0.9272727272727272,18.01877032173579,37.44313725490196,380.51372549019607,0.5537763237953186,0.9998159408569336,0.7367739
337,234.0,65.97056274847714,0.8659901423377557,0.9034749034749034,17.26088217525478,156.60256410256412,394.20940170940173,0.6387508511543274,0.9983434677124023,0.8374857
338,643.0,131.76955262170048,0.9459401411939651,0.7573616018845701,28.61281229213077,297.86625194401245,392.28304821150857,0.6420025825500488,0.9772992134094238,0.8079469
339,636.0,108.48528137423858,0.9163964034979355,0.9845201238390093,28.456639830653998,395.6163522012579,388.54088050314465,0.6424934267997742,1.0,0.95078963
340,754.0,118.22539674441617,0.796844497242979,0.8849765258215962,30.984231743425763,47.30238726790451,393.94562334217505,0.555862307548523,0.9817780256271362,0.8056639
341,1166.0,157.67514421272202,0.7732061990057003,0.8114126652748782,38.530472475187736,201.9982847341338,385.97341337907375,0.620467483997345,1.0,0.8351808
342,31.0,28.414213562373096,0.9908098754411044,0.8157894736842105,6.282549314314218,224.06451612903226,396.03225806451616,0.6693662405014038,0.9182772040367126,0.7611787
343,103.0,72.48528137423857,0.9962388916128104,0.8728813559322034,11.451797811161432,194.5242718446602,398.4271844660194,0.6575863361358643,0.9841094613075256,0.82830566
344,107.0,73.86396103067892,0.9963980731147882,0.856,11.67204486311899,309.14018691588785,399.4672897196262,0.6524326801300049,0.9712865948677063,0.8304477
345,211.0,58.17766952966369,0.4846569212064728,0.8978723404255319,16.39065416446578,232.9431279620853,394.45023696682466,0.6232284307479858,0.9724522829055786,0.7776975
346,69.0,66.82842712474618,0.9983476249366926,0.8214285714285714,9.373021315815206,196.9855072463768,401.0289855072464,0.6970979571342468,0.985520601272583,0.8518491
347,59.0,46.86396103067893,0.9911289899646283,0.6704545454545454,8.667244841319219,237.59322033898306,401.33898305084745,0.6598564386367798,0.9724522829055786,0.8538425
348,517.0,98.62741699796952,0.2021191123052188,0.8867924528301887,25.65667251667837,134.52611218568666,399.45647969052226,0.5650039911270142,0.9999386668205261,0.80518806
349,69.0,66.82842712474618,0.998314174136576,0.8117647058823529,9.373021315815206,198.94202898550725,403.1159420289855,0.7161788940429688,0.9958893060684204,0.8297841
350,97.0,53.44974746830583,0.9861475830993484,0.8899082568807339,11.11324596323283,233.7422680412371,404.96907216494844,0.6653782725334167,0.971409261226654,0.8445904
351,36.0,33.62132034355964,0.9933780475652366,0.8372093023255814,6.770275002573076,33.833333333333336,404.80555555555554,0.8139762878417969,0.9052088856697083,0.84879947
352,34.0,31.621320343559642,0.9927182329864894,0.8292682926829268,6.579524642479541,123.0,405.2352941176471,0.693662166595459,0.9797533750534058,0.88329846
353,35.0,32.82842712474619,0.9933700480557844,0.8333333333333334,6.6755811781245455,35.51428571428571,406.9714285714286,0.6840910315513611,0.9793238639831543,0.8873971
354,52.0,35.03553390593274,0.9851874532721765,0.8524590163934426,8.136857890256438,38.26923076923077,409.6923076923077,0.653291642665863,0.9992024302482605,0.84505534
355,16.0,12.207106781186548,0.8514055971008102,0.9411764705882353,4.51351666838205,8.0625,412.8125,0.9018344879150391,0.9765629768371582,0.9158461
356,218.0,80.76345596729058,0.9548705306699774,0.7676056338028169,16.66031874701878,27.94495412844037,411.5642201834862,0.5596662163734436,1.0,0.8509894
357,854.0,130.1837661840736,0.6292249981002306,0.9017951425554382,32.97493853222215,71.5023419203747,401.75878220140515,0.6132277846336365,0.9995705485343933,0.8210169
358,892.0,140.5269119345812,0.6144363891898644,0.8643410852713178,33.70058862844632,102.90807174887892,402.34304932735427,0.5393582582473755,0.9998772740364075,0.81696683
359,121.0,52.72792206135786,0.9537576179195584,0.8344827586206897,12.412170838050638,141.04132231404958,412.4710743801653,0.5839622020721436,0.9924535155296326,0.839976
360,931.0,166.01219330881977,0.9670322659469229,0.8166666666666667,34.42943531556155,182.03974221267455,408.1031149301826,0.524756133556366,1.0,0.80437666
361,229.0,67.65685424949237,0.9501490673054926,0.9581589958158996,17.075475271404667,234.21397379912665,411.33187772925766,0.5462298393249512,0.9684029817581177,0.78852105
362,325.0,76.97056274847714,0.4629758643922303,0.9002770083102493,20.342144725641095,256.7169230769231,406.04923076923075,0.6313270926475525,0.9139211177825928,0.7290354
363,176.0,49.071067811865476,0.657098005047513,0.9723756906077348,14.96964127403822,271.3068181818182,408.08522727272725,0.6386895179748535,0.9665623903274536,0.76679415
364,115.0,39.071067811865476,0.6477313029575726,0.9663865546218487,12.100518486599809,282.25217391304346,409.6347826086957,0.6588747501373291,0.9963188171386719,0.8280646
365,640.0,119.55634918610406,0.9448339467645622,0.95952023988006,28.54598585844434,310.634375,408.5328125,0.6181361079216003,0.9964414834976196,0.8534101
366,42.0,25.07106781186548,0.8634788775303444,0.9545454545454546,7.312732791431452,341.6666666666667,413.35714285714283,0.6526780724525452,0.9504263997077942,0.72127855
367,941.0,147.79898987322335,0.9367974349925439,0.9761410788381742,34.61384710770804,390.26886291179596,406.74388947927736,0.6488741636276245,1.0,0.92874837
